﻿<?xml version="1.0" encoding="utf-8"?>
<HelpKI>
  <HelpKINode Title="Die class">
    <HelpKINode Title="Die Class" Url="html/dce8a7d2-08f4-6b59-9de5-6936e80899a9.htm" />
    <HelpKINode Title="about Die class" Url="html/dce8a7d2-08f4-6b59-9de5-6936e80899a9.htm" />
    <HelpKINode Title="constructor" Url="html/d16b5735-8bce-ace3-b197-8281f0a01bf6.htm" />
    <HelpKINode Title="methods" Url="html/25dd6df6-7b11-4b80-13bf-79008e169287.htm" />
    <HelpKINode Title="properties" Url="html/b058906c-7f49-a28a-0501-7d4f3512f9d2.htm" />
  </HelpKINode>
  <HelpKINode Title="Die.Die constructor" Url="html/d16b5735-8bce-ace3-b197-8281f0a01bf6.htm" />
  <HelpKINode Title="Die.NumSides property" Url="html/027dc29e-9968-0448-d60e-5841a9f557f5.htm" />
  <HelpKINode Title="Die.Roll method" Url="html/3f1918f2-2c3a-ece0-9604-cb99c8703d6f.htm" />
  <HelpKINode Title="Die.TopSide property" Url="html/b116a5de-96e0-41d9-1a3b-d1bbf03111f6.htm" />
  <HelpKINode Title="Exercise8 namespace" Url="html/5a34e239-c74d-8417-dafc-1a5f78ed8ac1.htm" />
  <HelpKINode Title="Exercise8.Die class" Url="html/dce8a7d2-08f4-6b59-9de5-6936e80899a9.htm" />
  <HelpKINode Title="NumSides property" Url="html/027dc29e-9968-0448-d60e-5841a9f557f5.htm" />
  <HelpKINode Title="Roll method" Url="html/3f1918f2-2c3a-ece0-9604-cb99c8703d6f.htm" />
  <HelpKINode Title="TopSide property" Url="html/b116a5de-96e0-41d9-1a3b-d1bbf03111f6.htm" />
  <HelpKINode Title="version">
    <HelpKINode Title="1.0.0.0" Url="html/eebadf4c-f3c7-44c5-8174-024e6740ef98.htm" />
    <HelpKINode Title="history" Url="html/adcad675-33d2-471e-8cac-18e27415d80f.htm" />
  </HelpKINode>
  <HelpKINode Title="Welcome" Url="html/adb47595-4a10-47e5-89b1-dd874e319da9.htm" />
</HelpKI>
