﻿<?xml version="1.0" encoding="utf-8"?>
<HelpTOC>

  <HelpTOCNode Title="Welcome to the [TODO: Add project name]" Url="html/cb6e11bd-d5f5-46a3-93dd-20008ec7943a.htm" />
  <HelpTOCNode Id="697e257c-7bce-4807-bea7-3c11c96ea6a1" Title="Version History" Url="html/5c7364fe-12e1-461e-82f1-618eaa1974ac.htm">
    <HelpTOCNode Title="Version 1.0.0.0" Url="html/a3d39519-2025-49bd-8bf9-eb150794a7b3.htm" />
  </HelpTOCNode>
  <HelpTOCNode Id="1b3c5def-17a1-4c6b-aa9d-93e2cc15b756" Title="Exercise9" Url="html/82b6c907-0cee-960e-bbc1-a0bb8bb13677.htm">
    <HelpTOCNode Id="7a47240f-93e6-4a6b-937c-7c0011f14205" Title="Card Class" Url="html/f70ac110-349c-9698-47ab-0c605ad1e766.htm">
      <HelpTOCNode Title="Card Constructor " Url="html/b5e28be7-eb5a-cf48-0849-eec1635d2124.htm" />
      <HelpTOCNode Id="81989779-73d4-45a6-9c7b-3d5ef4008607" Title="Card Properties" Url="html/5cc4e6b5-331a-d040-f032-36cff705f8e5.htm">
        <HelpTOCNode Title="FaceUp Property " Url="html/35cdfe0e-1143-5135-7cf6-45ab9e2b0032.htm" />
        <HelpTOCNode Title="Rank Property " Url="html/10da9c1c-ffa3-9bc7-f379-e21cd37a1c37.htm" />
        <HelpTOCNode Title="Suit Property " Url="html/06b75c58-bf11-45a1-3609-63a2036b6dea.htm" />
      </HelpTOCNode>
      <HelpTOCNode Id="a6c68ed6-0bdf-462a-a07c-f7b116e7e29f" Title="Card Methods" Url="html/4187df58-b58f-2a73-4d97-d0b6e4e8bf8c.htm">
        <HelpTOCNode Title="FlipOver Method " Url="html/76f05633-99fb-608e-3d7b-35b28baa9f73.htm" />
      </HelpTOCNode>
    </HelpTOCNode>
    <HelpTOCNode Id="8fbbebb3-0f85-48e9-92cc-0b5821010aa1" Title="Deck Class" Url="html/1f146c24-7ea8-e341-17df-a9233026cbf8.htm">
      <HelpTOCNode Title="Deck Constructor " Url="html/dacbb959-1e46-018e-ff49-124b82e3d342.htm" />
      <HelpTOCNode Id="510ba79a-3852-433a-be73-f98be6e984d5" Title="Deck Properties" Url="html/34828ba7-1318-fe5e-a498-1689affe66ad.htm">
        <HelpTOCNode Title="Empty Property " Url="html/a544756a-dad9-6016-7d69-2cc5e7c0c370.htm" />
      </HelpTOCNode>
      <HelpTOCNode Id="ac97ec0e-dbe9-4c0e-8f10-f06275027034" Title="Deck Methods" Url="html/794564d8-84d8-721d-605f-2235fe247da4.htm">
        <HelpTOCNode Title="Cut Method " Url="html/c9a921da-ac00-b87c-8a0c-b8bb2264b111.htm" />
        <HelpTOCNode Title="Print Method " Url="html/3fcc74e1-8929-59b9-050d-e91ef6b6b540.htm" />
        <HelpTOCNode Title="Shuffle Method " Url="html/ae2bd167-6620-8c9b-e475-e8d795baec45.htm" />
        <HelpTOCNode Title="TakeTopCard Method " Url="html/18e4d240-a6f9-50f8-b4c3-5673ebc663f9.htm" />
      </HelpTOCNode>
    </HelpTOCNode>
    <HelpTOCNode Title="Rank Enumeration" Url="html/ae8673ef-0307-3713-96e2-24f325cd7fcb.htm" />
    <HelpTOCNode Title="Suit Enumeration" Url="html/7d9590e1-960c-7b27-8124-9d724e0f378c.htm" />
  </HelpTOCNode>
</HelpTOC>
