﻿<?xml version="1.0" encoding="utf-8"?>
<HelpTOC>

  <HelpTOCNode Title="Welcome to the [TODO: Add project name]" Url="html/85fbc414-8fa1-4792-ac38-c90dc4001a72.htm" />
  <HelpTOCNode Id="5ccb1659-fe06-4c42-b060-ae958f3acee6" Title="Version History" Url="html/8c5c701c-9eb4-404d-b408-46a5c2fb67ee.htm">
    <HelpTOCNode Title="Version 1.0.0.0" Url="html/f49af572-7507-42f5-a265-e39ec3c68054.htm" />
  </HelpTOCNode>
  <HelpTOCNode Id="d0dff66f-d470-44f5-b107-e63cee87a586" Title="ConsoleCards" Url="html/765e7479-afe7-0c47-2ba7-94ba777c4308.htm">
    <HelpTOCNode Id="7063526e-2f5e-41ce-b477-5744e9369e55" Title="Card Class" Url="html/91224f8c-2988-392e-5605-52d0ddcddc75.htm">
      <HelpTOCNode Title="Card Constructor " Url="html/30b7bfde-4214-fe63-9af9-90ab7dc6f86f.htm" />
      <HelpTOCNode Id="e3be3e5d-e5d2-451c-a388-1bdcc6f71b33" Title="Card Properties" Url="html/3edf1a2a-152c-13c5-ad73-c3dec1a48df3.htm">
        <HelpTOCNode Title="FaceUp Property " Url="html/74a28307-47d7-51fa-460d-adf68c73b37e.htm" />
        <HelpTOCNode Title="Rank Property " Url="html/3f09465f-d99a-2add-1355-b8c895c89499.htm" />
        <HelpTOCNode Title="Suit Property " Url="html/d2541944-1642-618d-56df-eb08b9441904.htm" />
      </HelpTOCNode>
      <HelpTOCNode Id="fa22f43d-1aa6-4769-8ba3-f05af55f37af" Title="Card Methods" Url="html/51b7b2f1-eec3-89e0-2f62-ce49bcb6c31c.htm">
        <HelpTOCNode Title="FlipOver Method " Url="html/ca7ff0dc-7a23-de20-87ec-79580c6b9ac7.htm" />
      </HelpTOCNode>
    </HelpTOCNode>
    <HelpTOCNode Id="d37eb3d2-f5e9-4391-a4c1-bc04c06482dc" Title="Deck Class" Url="html/a8c13bbf-f3a0-c16c-8ad7-10405512ec71.htm">
      <HelpTOCNode Title="Deck Constructor " Url="html/e4494c09-012c-0989-657f-0d8f50318119.htm" />
      <HelpTOCNode Id="5286dc7b-b716-45f8-82f6-117e3611b197" Title="Deck Properties" Url="html/1c770243-a397-6b60-cbd0-06baf67f3e89.htm">
        <HelpTOCNode Title="Empty Property " Url="html/79d085f8-05a5-3b38-453f-3e465a01161a.htm" />
      </HelpTOCNode>
      <HelpTOCNode Id="50d08228-0d86-44e3-a430-205f95b6634c" Title="Deck Methods" Url="html/73df931c-4a08-2ccd-ed2c-33fd74b43163.htm">
        <HelpTOCNode Title="Cut Method " Url="html/61a52f90-f544-aa17-11ca-dfb4cd83bb45.htm" />
        <HelpTOCNode Title="Shuffle Method " Url="html/5cc343b1-0d45-d18c-5944-a7ac23f8bcee.htm" />
        <HelpTOCNode Title="TakeTopCard Method " Url="html/937cb629-8ea5-95c8-b789-01d37080fbf7.htm" />
      </HelpTOCNode>
    </HelpTOCNode>
    <HelpTOCNode Title="Rank Enumeration" Url="html/7e12b6f3-19d1-b646-d624-ff8bea6037a9.htm" />
    <HelpTOCNode Title="Suit Enumeration" Url="html/1cd2131b-2c3a-d68b-c6a8-b63cb44ae8f6.htm" />
  </HelpTOCNode>
</HelpTOC>
